drawn_category,class,mean_prob
bear,bear,0.04244710403103448
bear,camel,0.02832490896994253
bear,cow,0.028982094008448277
bear,elephant,0.03424269700344828
bear,horse,0.027516568073908045
bear,octopus,0.029734007535488508
bear,person,0.03393917146856322
bear,sheep,0.030290809971551723
bear,tiger,0.029350751334109196
bear,whale,0.023749517788649425
bear,bee,0.027533285122241378
bear,bird,0.02179895803218391
bear,cat,0.025265648548850574
bear,dog,0.023748653895114942
bear,face,0.04007647627238506
bear,fish,0.018231849609109195
bear,frog,0.03440557345304598
bear,hand,0.01813607067163793
bear,rabbit,0.03614526062462644
bear,snail,0.026662838291666668
bear,spider,0.02430888952183908
bear,airplane,0.013726226878448275
bear,bed,0.00941244528658046
bear,bike,0.020703152991350574
bear,boat,0.009128955023994252
bear,cactus,0.026363748317126436
bear,car,0.021687746239310347
bear,chair,0.012180773572126437
bear,couch,0.008069174150948277
bear,house,0.00909291173387931
bear,piano,0.007760642304022988
bear,train,0.013464980649425288
bear,tree,0.03112296620474138
bear,TV,0.007687361807931035
bear,apple,0.017574985073362068
bear,book,0.00750387461295977
bear,bottle,0.013511334509655172
bear,bowl,0.011312991652413793
bear,clock,0.02236362396683908
bear,cup,0.008581432690660919
bear,hat,0.008718867564971264
bear,ice.cream,0.017540479501810344
bear,key,0.018140782107413794
bear,lamp,0.013822355670028735
bear,mushroom,0.015316244796695402
bear,phone,0.010714048626321838
bear,scissors,0.020936969020373564
bear,watch,0.018669791910948277
camel,bear,0.02629792601298893
camel,camel,0.060000330387269374
camel,cow,0.03786719053295203
camel,elephant,0.047837490554354246
camel,horse,0.04821202658929889
camel,octopus,0.034570230161808116
camel,person,0.021850776902324724
camel,sheep,0.037779162191734314
camel,tiger,0.0348544731049631
camel,whale,0.019463141665424354
camel,bee,0.028242079677601475
camel,bird,0.022044191452952028
camel,cat,0.0213909161900738
camel,dog,0.026333503603321033
camel,face,0.00931725856199262
camel,fish,0.013899023415295203
camel,frog,0.020699222899298892
camel,hand,0.03767694103660517
camel,rabbit,0.02440882270597786
camel,snail,0.016316492878487084
camel,spider,0.02755884465095941
camel,airplane,0.01754874906081181
camel,bed,0.013363952428154982
camel,bike,0.019426686814095942
camel,boat,0.009353685851845019
camel,cactus,0.02947682330719557
camel,car,0.015228473454870849
camel,chair,0.016495689129520295
camel,couch,0.01220328391404059
camel,house,0.012969373354686347
camel,piano,0.013484207901918819
camel,train,0.017147231886900368
camel,tree,0.027243283555608858
camel,TV,0.008883517314169741
camel,apple,0.012433848439483395
camel,book,0.00886549854103321
camel,bottle,0.011749702602509226
camel,bowl,0.008451991066346863
camel,clock,0.007178185031660516
camel,cup,0.010035600966162362
camel,hat,0.010923745811660517
camel,ice.cream,0.013386945170184503
camel,key,0.015151895699852399
camel,lamp,0.011162543891918819
camel,mushroom,0.019454916857158673
camel,phone,0.007931995879608857
camel,scissors,0.021316301235608855
camel,watch,0.012511825592239852
cow,bear,0.02651957368943578
cow,camel,0.04102828656778441
cow,cow,0.045749799918279814
cow,elephant,0.04423372898785092
cow,horse,0.05356569111043578
cow,octopus,0.02965750454999541
cow,person,0.022077705886353213
cow,sheep,0.03961266610428899
cow,tiger,0.04397220406417431
cow,whale,0.026253277106100918
cow,bee,0.023176579443110093
cow,bird,0.02077202553651376
cow,cat,0.024894897469955275
cow,dog,0.027974688752894494
cow,face,0.01620324184754587
cow,fish,0.019141643022133028
cow,frog,0.023410506498068806
cow,hand,0.016235515796926607
cow,rabbit,0.018653671738472478
cow,snail,0.016604702303004586
cow,spider,0.027156085453424312
cow,airplane,0.015916743590206422
cow,bed,0.01684202943277523
cow,bike,0.019629445151651378
cow,boat,0.01083210678130734
cow,cactus,0.019290376081683488
cow,car,0.02002368508745413
cow,chair,0.013177230402958715
cow,couch,0.014937098543073395
cow,house,0.009838542316834863
cow,piano,0.02207132887211009
cow,train,0.023204082184610092
cow,tree,0.022615412426766054
cow,TV,0.01299225707043578
cow,apple,0.010262371575389909
cow,book,0.0108965535278211
cow,bottle,0.009542745797729358
cow,bowl,0.011757699523577981
cow,clock,0.011004151163623853
cow,cup,0.009805917803211009
cow,hat,0.009089678240183486
cow,ice.cream,0.015700284063944955
cow,key,0.013965203809105504
cow,lamp,0.010750704969633028
cow,mushroom,0.01774905536146789
cow,phone,0.008747402367133027
cow,scissors,0.017443092100263763
cow,watch,0.0150208090471789
elephant,bear,0.03256229681595174
elephant,camel,0.0575012580352815
elephant,cow,0.038798117541313674
elephant,elephant,0.05538151268455764
elephant,horse,0.05063733383672922
elephant,octopus,0.04175902546927614
elephant,person,0.018269112142573728
elephant,sheep,0.03736473838179625
elephant,tiger,0.03665488595075067
elephant,whale,0.026851439883404826
elephant,bee,0.023481050702949063
elephant,bird,0.021403944698203753
elephant,cat,0.02188843008378016
elephant,dog,0.02639744131375335
elephant,face,0.015379773480375334
elephant,fish,0.01643988013844504
elephant,frog,0.024243605912756032
elephant,hand,0.020246134504986597
elephant,rabbit,0.021141155843994636
elephant,snail,0.0167538805077748
elephant,spider,0.028594009019731904
elephant,airplane,0.017246133566863272
elephant,bed,0.011972069466085792
elephant,bike,0.01910168692635389
elephant,boat,0.011930885161018766
elephant,cactus,0.02139443122630027
elephant,car,0.018694606521420912
elephant,chair,0.009990825387399463
elephant,couch,0.014003151965817695
elephant,house,0.011467799201340483
elephant,piano,0.009977516069517427
elephant,train,0.01768512536513673
elephant,tree,0.024820260394959787
elephant,TV,0.011195511762734584
elephant,apple,0.014522006622439678
elephant,book,0.010804847971233244
elephant,bottle,0.010244938151187667
elephant,bowl,0.010185387666729223
elephant,clock,0.010146532435871315
elephant,cup,0.010363153265737265
elephant,hat,0.010588562807707775
elephant,ice.cream,0.015025608022466488
elephant,key,0.012287805166549598
elephant,lamp,0.010189922078176943
elephant,mushroom,0.014204126056648794
elephant,phone,0.007106360301345845
elephant,scissors,0.017053403931233245
elephant,watch,0.016048316762091154
horse,bear,0.02304881946922636
horse,camel,0.05618026079378224
horse,cow,0.03955425345550143
horse,elephant,0.04478889758166189
horse,horse,0.0520279642747851
horse,octopus,0.03043767764939828
horse,person,0.024437549677793696
horse,sheep,0.03198201336653295
horse,tiger,0.037940105660916906
horse,whale,0.02697377043044699
horse,bee,0.023368430591449857
horse,bird,0.02089045536320917
horse,cat,0.021270855033982808
horse,dog,0.025837203275272207
horse,face,0.013628342275071634
horse,fish,0.018203884146246418
horse,frog,0.020333496452578797
horse,hand,0.021847184886647563
horse,rabbit,0.015034180391530086
horse,snail,0.011997946889226362
horse,spider,0.026071626923381087
horse,airplane,0.016080023566189112
horse,bed,0.021263291290773638
horse,bike,0.021581598092395415
horse,boat,0.012188776901727793
horse,cactus,0.02343000792329513
horse,car,0.016574934623266476
horse,chair,0.02093439671034384
horse,couch,0.013528572494097422
horse,house,0.010476619185931232
horse,piano,0.019178826818080228
horse,train,0.02052570864799427
horse,tree,0.028042064661948425
horse,TV,0.0155638222747851
horse,apple,0.009864372279169054
horse,book,0.013033085133581661
horse,bottle,0.011714454900716332
horse,bowl,0.010538009938968482
horse,clock,0.009495414716389684
horse,cup,0.009074230893696276
horse,hat,0.009195234068011461
horse,ice.cream,0.01300891850252149
horse,key,0.017437184478756446
horse,lamp,0.014682402225873926
horse,mushroom,0.016815573634240688
horse,phone,0.008268842418882521
horse,scissors,0.016891375878653296
horse,watch,0.014757345014641834
octopus,bear,0.03260401083378906
octopus,camel,0.029219747000625
octopus,cow,0.02448705106609375
octopus,elephant,0.03912729252222656
octopus,horse,0.027393404378710937
octopus,octopus,0.06675299346367188
octopus,person,0.02348577573171875
octopus,sheep,0.0320761828515625
octopus,tiger,0.031195719966992188
octopus,whale,0.020097333303242187
octopus,bee,0.024182820516640623
octopus,bird,0.019535087354296876
octopus,cat,0.024118249140273437
octopus,dog,0.020112129046875
octopus,face,0.02769979778886719
octopus,fish,0.015321237033398436
octopus,frog,0.03276962954023437
octopus,hand,0.029922482966796875
octopus,rabbit,0.0252960411671875
octopus,snail,0.019982929281796874
octopus,spider,0.08980608437734375
octopus,airplane,0.016396524785625
octopus,bed,0.00937124508953125
octopus,bike,0.01601165515925781
octopus,boat,0.010176010196796875
octopus,cactus,0.030969310641132813
octopus,car,0.018662881270351563
octopus,chair,0.010164369668789062
octopus,couch,0.007056589841679687
octopus,house,0.010187805238984375
octopus,piano,0.011052944879648438
octopus,train,0.0102705206175
octopus,tree,0.021706964737695313
octopus,TV,0.006092613202929687
octopus,apple,0.014030088707070313
octopus,book,0.006336253252148438
octopus,bottle,0.009778712139320312
octopus,bowl,0.010927246580898437
octopus,clock,0.01454814028296875
octopus,cup,0.007976158904414063
octopus,hat,0.009385545787851562
octopus,ice.cream,0.015732038622421875
octopus,key,0.0131855610825
octopus,lamp,0.009537590271367188
octopus,mushroom,0.012965037790820312
octopus,phone,0.008564564180429687
octopus,scissors,0.020880382070859373
octopus,watch,0.012847245074648437
person,bear,0.03147138184070632
person,camel,0.02021643220628253
person,cow,0.018662339188475836
person,elephant,0.02173117858141264
person,horse,0.0204435865266171
person,octopus,0.03406460123408922
person,person,0.05308904356356877
person,sheep,0.020901587952453532
person,tiger,0.021175999992379183
person,whale,0.015450377211301115
person,bee,0.017448445164089218
person,bird,0.02119149143591078
person,cat,0.0187991493001487
person,dog,0.017630722905018586
person,face,0.038815454000732344
person,fish,0.01571399778513011
person,frog,0.028781191668996283
person,hand,0.021144032652899627
person,rabbit,0.019731924506431228
person,snail,0.01603030803717472
person,spider,0.02555150992550186
person,airplane,0.01747546780219331
person,bed,0.01208458955148699
person,bike,0.0193822094063197
person,boat,0.014404092876988848
person,cactus,0.03456213101888476
person,car,0.00951928204211896
person,chair,0.02022524108936803
person,couch,0.008313792118215613
person,house,0.011637330213011152
person,piano,0.009740117297509293
person,train,0.011420295080260223
person,tree,0.0495448814235316
person,TV,0.010444911909442378
person,apple,0.012353894048847583
person,book,0.011296709349962825
person,bottle,0.01756420683836431
person,bowl,0.013511391637643123
person,clock,0.023548642467434943
person,cup,0.011900926607806691
person,hat,0.009394979863680297
person,ice.cream,0.02744000005881041
person,key,0.027432412508475838
person,lamp,0.03265761111078067
person,mushroom,0.03133705560342007
person,phone,0.014594492081858736
person,scissors,0.02492693934936803
person,watch,0.015241640097583643
sheep,bear,0.030397894047660166
sheep,camel,0.044211036739125346
sheep,cow,0.035754364105710305
sheep,elephant,0.03935201316264624
sheep,horse,0.0394869153713649
sheep,octopus,0.03480952868270195
sheep,person,0.023036334305654597
sheep,sheep,0.04278300223674095
sheep,tiger,0.0370098792797493
sheep,whale,0.021661749270027855
sheep,bee,0.028556652765891366
sheep,bird,0.021164539277381614
sheep,cat,0.02356882757426184
sheep,dog,0.025819004291225627
sheep,face,0.0227453636778273
sheep,fish,0.016968236468144847
sheep,frog,0.029094696832506962
sheep,hand,0.027009466973203344
sheep,rabbit,0.02002184427264624
sheep,snail,0.021043778057743733
sheep,spider,0.03190341672810585
sheep,airplane,0.015135723374426183
sheep,bed,0.011065639801030642
sheep,bike,0.018568813992367688
sheep,boat,0.009080651526462395
sheep,cactus,0.022704670767660168
sheep,car,0.0212825918416156
sheep,chair,0.00889418378448468
sheep,couch,0.010540399375905292
sheep,house,0.008364290831504178
sheep,piano,0.014081433039554317
sheep,train,0.01804395720097493
sheep,tree,0.024969648166295263
sheep,TV,0.01186174767183844
sheep,apple,0.014359816502479108
sheep,book,0.011336925979637882
sheep,bottle,0.009644742757715877
sheep,bowl,0.01292470174069638
sheep,clock,0.018868878928579386
sheep,cup,0.00853186498532869
sheep,hat,0.008281512013899721
sheep,ice.cream,0.014765971162356546
sheep,key,0.014088954458715877
sheep,lamp,0.01298045818637883
sheep,mushroom,0.016607973013760446
sheep,phone,0.00858126958042897
sheep,scissors,0.021022415224401115
sheep,watch,0.017012220226824512
tiger,bear,0.029228139600297298
tiger,camel,0.04198430523181081
tiger,cow,0.0376066813822973
tiger,elephant,0.03735936172594594
tiger,horse,0.04236176159008108
tiger,octopus,0.03073420062418919
tiger,person,0.021220147069621623
tiger,sheep,0.035980749175054054
tiger,tiger,0.0484806587972973
tiger,whale,0.024581562768340542
tiger,bee,0.035850863781027024
tiger,bird,0.018552356814783785
tiger,cat,0.03177386441764865
tiger,dog,0.02779495036054054
tiger,face,0.027271865695405406
tiger,fish,0.018276658037891892
tiger,frog,0.024624125724856758
tiger,hand,0.015900579560648647
tiger,rabbit,0.022598985578675675
tiger,snail,0.02146583034216216
tiger,spider,0.039732103572594595
tiger,airplane,0.016306192730783785
tiger,bed,0.013296944466243243
tiger,bike,0.026171599157486486
tiger,boat,0.009550742807121622
tiger,cactus,0.024954068874054054
tiger,car,0.021367037954083783
tiger,chair,0.009295350547486486
tiger,couch,0.010736497644891893
tiger,house,0.008650943608716216
tiger,piano,0.02540119986645946
tiger,train,0.0269856143875
tiger,tree,0.017317600270324324
tiger,TV,0.008542612197621622
tiger,apple,0.008305914874405405
tiger,book,0.010829439130864866
tiger,bottle,0.005605386528
tiger,bowl,0.007657787863837838
tiger,clock,0.01956955191581081
tiger,cup,0.006204150494945946
tiger,hat,0.006761043155764865
tiger,ice.cream,0.010513816444972972
tiger,key,0.011164763443532432
tiger,lamp,0.00765182113765946
tiger,mushroom,0.011239717426902702
tiger,phone,0.008635199603927028
tiger,scissors,0.01635054899856757
tiger,watch,0.017554707681513515
whale,bear,0.021303245702832766
whale,camel,0.018431948166948806
whale,cow,0.019236428868723548
whale,elephant,0.026793321759580206
whale,horse,0.020703542026894197
whale,octopus,0.020687404274829353
whale,person,0.0122571571506314
whale,sheep,0.017934544704812285
whale,tiger,0.019795432578143344
whale,whale,0.0564413919936314
whale,bee,0.020320373796279864
whale,bird,0.018680842759692833
whale,cat,0.019398460795341296
whale,dog,0.01696210480430034
whale,face,0.03413270598737202
whale,fish,0.056370394854027304
whale,frog,0.018748693053003414
whale,hand,0.024429677712832765
whale,rabbit,0.020074191358361776
whale,snail,0.02746064296880546
whale,spider,0.02394929684010239
whale,airplane,0.02915432316576792
whale,bed,0.014658941802696246
whale,bike,0.02084267184918089
whale,boat,0.03081169639238908
whale,cactus,0.015500791837453926
whale,car,0.024431167343959045
whale,chair,0.009659324510204778
whale,couch,0.015405009546313993
whale,house,0.011998879773037542
whale,piano,0.00910923511546075
whale,train,0.018291618786382254
whale,tree,0.013811275829832765
whale,TV,0.013718434785699658
whale,apple,0.03263682428890785
whale,book,0.012729287470580206
whale,bottle,0.010225928229146758
whale,bowl,0.03480268430860068
whale,clock,0.02165407863808874
whale,cup,0.016549681271638226
whale,hat,0.028234002899283277
whale,ice.cream,0.011323204429351535
whale,key,0.013952557011023891
whale,lamp,0.010307556497559727
whale,mushroom,0.011377480345119454
whale,phone,0.012762774161979523
whale,scissors,0.018378244834812287
whale,watch,0.023560524579249148
bee,bear,0.027376062854868852
bee,camel,0.020387416464557377
bee,cow,0.021687425295508198
bee,elephant,0.029080444153934425
bee,horse,0.021207646946721313
bee,octopus,0.026940172766065574
bee,person,0.015095544314918033
bee,sheep,0.02359787421567213
bee,tiger,0.038910663391442626
bee,whale,0.020455674953508196
bee,bee,0.05316444750904918
bee,bird,0.020983859904852457
bee,cat,0.028939754119934425
bee,dog,0.021128209635081968
bee,face,0.020270671856655736
bee,fish,0.02362040258232787
bee,frog,0.025958806224262294
bee,hand,0.017986160590163936
bee,rabbit,0.029407911062065573
bee,snail,0.02529959540262295
bee,spider,0.03478533998318033
bee,airplane,0.02734081823760656
bee,bed,0.008580546390393443
bee,bike,0.034839730221737704
bee,boat,0.012799473457967213
bee,cactus,0.02506732553947541
bee,car,0.017920010258295083
bee,chair,0.010076196320721311
bee,couch,0.009835233974655739
bee,house,0.009612097094131147
bee,piano,0.016772234758918033
bee,train,0.015599960278836065
bee,tree,0.013442671247783606
bee,TV,0.006517009812721311
bee,apple,0.025918983901213114
bee,book,0.010889822235114754
bee,bottle,0.0126505488338
bee,bowl,0.014867465195770492
bee,clock,0.022042990524163933
bee,cup,0.01241071722485246
bee,hat,0.01335679115052459
bee,ice.cream,0.01716544764357377
bee,key,0.027206830123560656
bee,lamp,0.010886128143763935
bee,mushroom,0.013124539655904918
bee,phone,0.009234471110101639
bee,scissors,0.026836902982491802
bee,watch,0.028720970281180327
bird,bear,0.029979450239252747
bird,camel,0.026624083929846155
bird,cow,0.026988840926043957
bird,elephant,0.027805983226923077
bird,horse,0.027160700738263738
bird,octopus,0.024696429634307692
bird,person,0.03415077212314286
bird,sheep,0.026512132433208793
bird,tiger,0.024192094627617584
bird,whale,0.026744135491923077
bird,bee,0.029691363368835166
bird,bird,0.030351216452439562
bird,cat,0.02310720495531868
bird,dog,0.023805286757736265
bird,face,0.018142840919252747
bird,fish,0.024350444002593407
bird,frog,0.026655758339292308
bird,hand,0.019844033940373627
bird,rabbit,0.02162921887334066
bird,snail,0.017205285680725275
bird,spider,0.028946941592747254
bird,airplane,0.02923143227832967
bird,bed,0.011578093237384615
bird,bike,0.02004808433002198
bird,boat,0.017332115337274724
bird,cactus,0.02636950086254945
bird,car,0.014888460866373627
bird,chair,0.013102377282175824
bird,couch,0.009917325120615385
bird,house,0.014203032691494505
bird,piano,0.009430719081384615
bird,train,0.012021891411736263
bird,tree,0.0243790047578022
bird,TV,0.009038646724307693
bird,apple,0.01983782371024176
bird,book,0.009209917754769231
bird,bottle,0.012623837333934067
bird,bowl,0.019523418755956045
bird,clock,0.016561058406967033
bird,cup,0.01457519465389011
bird,hat,0.01892500899254066
bird,ice.cream,0.020304343568153846
bird,key,0.02504151775164835
bird,lamp,0.018860882002923077
bird,mushroom,0.01819924201824176
bird,phone,0.010126345604483517
bird,scissors,0.02698899033432967
bird,watch,0.01909751967723077
cat,bear,0.031592567232394675
cat,camel,0.022533356580110867
cat,cow,0.02817529404150776
cat,elephant,0.027345755965609755
cat,horse,0.027466717950518846
cat,octopus,0.02671871604840355
cat,person,0.024372032007915743
cat,sheep,0.028746234784412416
cat,tiger,0.037894371213170734
cat,whale,0.023520782527383592
cat,bee,0.033168157484567626
cat,bird,0.02085439508374723
cat,cat,0.03739001060274945
cat,dog,0.024276336009445676
cat,face,0.026893178850532152
cat,fish,0.021353788491152992
cat,frog,0.02762893741104213
cat,hand,0.01705217891547672
cat,rabbit,0.04008334385560976
cat,snail,0.021955793118536585
cat,spider,0.040587659547560974
cat,airplane,0.02001493070964523
cat,bed,0.011531906976940133
cat,bike,0.024997645602971175
cat,boat,0.015024549445388027
cat,cactus,0.026344480104035478
cat,car,0.01510176521534368
cat,chair,0.011327334303281596
cat,couch,0.00878950754977827
cat,house,0.011298642114656319
cat,piano,0.012213779728248338
cat,train,0.018002004888514413
cat,tree,0.01654150406150776
cat,TV,0.008689063868957871
cat,apple,0.01828026474518847
cat,book,0.009190998726363636
cat,bottle,0.011560520394345897
cat,bowl,0.01115894055414634
cat,clock,0.02316406868445676
cat,cup,0.008852422408159645
cat,hat,0.010123338384634147
cat,ice.cream,0.015711715495321507
cat,key,0.018309416147605322
cat,lamp,0.011080024144944568
cat,mushroom,0.012443344587760531
cat,phone,0.014895618328337029
cat,scissors,0.025371562432350333
cat,watch,0.020371045200509977
dog,bear,0.031070545996954742
dog,camel,0.037620985105172415
dog,cow,0.03469037759926724
dog,elephant,0.03281017181092672
dog,horse,0.03887347820700431
dog,octopus,0.025138250936215516
dog,person,0.024933746382256466
dog,sheep,0.03040038668336207
dog,tiger,0.03608385697062931
dog,whale,0.02390470582112069
dog,bee,0.02711919518052802
dog,bird,0.022474205671232757
dog,cat,0.02516341485776724
dog,dog,0.029593845266961207
dog,face,0.026169470541271552
dog,fish,0.021164854109181036
dog,frog,0.027979135118193967
dog,hand,0.018079069154827588
dog,rabbit,0.02366037666846983
dog,snail,0.022068911932909482
dog,spider,0.025466926113211205
dog,airplane,0.018638098881443965
dog,bed,0.013344254696982758
dog,bike,0.022577714963836207
dog,boat,0.013522269293469828
dog,cactus,0.02145038797245043
dog,car,0.023073270577349137
dog,chair,0.01422874557049569
dog,couch,0.012098574727155172
dog,house,0.008992017912887932
dog,piano,0.013234709627564656
dog,train,0.018203631560193965
dog,tree,0.020950879570948277
dog,TV,0.009381461830172414
dog,apple,0.01614196664025862
dog,book,0.008015431877155173
dog,bottle,0.011101923107715517
dog,bowl,0.014900798720560346
dog,clock,0.014924447136034483
dog,cup,0.010380116218340518
dog,hat,0.01181105314163793
dog,ice.cream,0.014360042682890086
dog,key,0.021474428275086208
dog,lamp,0.011367967061379311
dog,mushroom,0.019998273352801726
dog,phone,0.008477390863405172
dog,scissors,0.021112688040379312
dog,watch,0.02177154941862069
face,bear,0.027003650765842106
face,camel,0.010742914585350526
face,cow,0.015786767619336842
face,elephant,0.018983527234626315
face,horse,0.01056700868233158
face,octopus,0.03301771473484211
face,person,0.030146429997526314
face,sheep,0.022390268136789473
face,tiger,0.022289289176242105
face,whale,0.026353822732736842
face,bee,0.02139298315573684
face,bird,0.014832785767
face,cat,0.02234992578242105
face,dog,0.015034684631578947
face,face,0.08450154861263158
face,fish,0.02877993540636842
face,frog,0.03162405904736842
face,hand,0.019152696587557895
face,rabbit,0.022005226340763157
face,snail,0.0556289169214579
face,spider,0.023091484878105265
face,airplane,0.00976315571768421
face,bed,0.005459861197831579
face,bike,0.012375444043726315
face,boat,0.013615001982105263
face,cactus,0.016058668656315788
face,car,0.01640677071063158
face,chair,0.007046060579578947
face,couch,0.006229893008263158
face,house,0.007986929432473684
face,piano,0.00817481716568421
face,train,0.007877991545891052
face,tree,0.017653955369589473
face,TV,0.00869566100168421
face,apple,0.021828794323926315
face,book,0.012327861528473684
face,bottle,0.011268341688205263
face,bowl,0.02358690352226316
face,clock,0.09329181593526316
face,cup,0.010701819534863159
face,hat,0.00843223291086842
face,ice.cream,0.010794611982968421
face,key,0.020719245028063157
face,lamp,0.008774468217505263
face,mushroom,0.025749935681578948
face,phone,0.024392435883157895
face,scissors,0.011391136430831578
face,watch,0.02372054688505263
fish,bear,0.0184712557916
fish,camel,0.016592591505323075
fish,cow,0.018229667751446153
fish,elephant,0.022451076548338462
fish,horse,0.018396923220784615
fish,octopus,0.018203314572655383
fish,person,0.015808611867169232
fish,sheep,0.01580276992793846
fish,tiger,0.021430937765107693
fish,whale,0.0580280872376
fish,bee,0.025777051488061538
fish,bird,0.019177984902443077
fish,cat,0.018889152582615386
fish,dog,0.01928289578550769
fish,face,0.03175244475764615
fish,fish,0.04922825567433846
fish,frog,0.02168467253204308
fish,hand,0.018104289701064615
fish,rabbit,0.015464019222061538
fish,snail,0.029715850474923075
fish,spider,0.02112218876843077
fish,airplane,0.02889934615276923
fish,bed,0.014078351290246155
fish,bike,0.0189583330692
fish,boat,0.026111954974153848
fish,cactus,0.0160316355504
fish,car,0.02397356220676923
fish,chair,0.011374244535138462
fish,couch,0.016248816208307693
fish,house,0.013089447608615384
fish,piano,0.013008891153969231
fish,train,0.015086337824676924
fish,tree,0.014503705462646154
fish,TV,0.012671677048830769
fish,apple,0.023702903334483078
fish,book,0.014149495338984616
fish,bottle,0.00919990514923077
fish,bowl,0.033708063439230766
fish,clock,0.024295301134307692
fish,cup,0.018093296731446152
fish,hat,0.026466261780092308
fish,ice.cream,0.014664269699046153
fish,key,0.021813448289526152
fish,lamp,0.010259232554
fish,mushroom,0.01615543854233846
fish,phone,0.013213694473
fish,scissors,0.022431393317396922
fish,watch,0.03419695270396923
frog,bear,0.0469307179892654
frog,camel,0.02488725848506161
frog,cow,0.024593290212819904
frog,elephant,0.028258323489194312
frog,horse,0.02239290657221327
frog,octopus,0.03965258353222749
frog,person,0.03126176586061612
frog,sheep,0.03412271845905213
frog,tiger,0.026108335526810425
frog,whale,0.025630386860876778
frog,bee,0.026566822900533176
frog,bird,0.02270400460256872
frog,cat,0.025846103712962084
frog,dog,0.024221755753511848
frog,face,0.04162021258090047
frog,fish,0.02162449310123223
frog,frog,0.044877805169478674
frog,hand,0.01774282450692891
frog,rabbit,0.028666124439052133
frog,snail,0.031393583198720376
frog,spider,0.03151565177191943
frog,airplane,0.014029729042393364
frog,bed,0.008379503643317536
frog,bike,0.022103088025165876
frog,boat,0.009885778675473933
frog,cactus,0.02165643743727251
frog,car,0.019823607445497632
frog,chair,0.008861253823682464
frog,couch,0.007923931144668247
frog,house,0.008521632666587677
frog,piano,0.007785186889526066
frog,train,0.013149069624052132
frog,tree,0.017386768804620853
frog,TV,0.00890606940886256
frog,apple,0.014358129903981042
frog,book,0.00830106932199052
frog,bottle,0.01038449192072038
frog,bowl,0.01306401124414692
frog,clock,0.022091726382582937
frog,cup,0.009303140559644549
frog,hat,0.010526924946078198
frog,ice.cream,0.014678974474763034
frog,key,0.024579544193016587
frog,lamp,0.01126299584886256
frog,mushroom,0.01911486272800948
frog,phone,0.012075504521137441
frog,scissors,0.023784645672253555
frog,watch,0.017444251236919433
hand,bear,0.019899582480738635
hand,camel,0.038592365873579546
hand,cow,0.015183945044375
hand,elephant,0.02395606288971591
hand,horse,0.021608180933863637
hand,octopus,0.027760405974602272
hand,person,0.019979777056875
hand,sheep,0.020691169935170454
hand,tiger,0.01869495203244318
hand,whale,0.025198427466136365
hand,bee,0.019681059837386362
hand,bird,0.019170476981590908
hand,cat,0.016445760777329545
hand,dog,0.016205832279943183
hand,face,0.010944301104545454
hand,fish,0.014685456321988637
hand,frog,0.01785344363193182
hand,hand,0.06181760104715909
hand,rabbit,0.02083723625943182
hand,snail,0.015432164826079545
hand,spider,0.030143141326420455
hand,airplane,0.021516460543977274
hand,bed,0.02161582418005682
hand,bike,0.015183081585909091
hand,boat,0.02404435235218182
hand,cactus,0.04597539780102273
hand,car,0.013478750116971592
hand,chair,0.01604053705340909
hand,couch,0.01823627576505682
hand,house,0.011476385328863636
hand,piano,0.01654226133215909
hand,train,0.012805663156954545
hand,tree,0.04033112079676136
hand,TV,0.013023233084715908
hand,apple,0.03596391962909091
hand,book,0.019762604147613636
hand,bottle,0.019045374151704545
hand,bowl,0.01712722935971591
hand,clock,0.011784964399602273
hand,cup,0.014921157029545454
hand,hat,0.015552697207102274
hand,ice.cream,0.015221076740909091
hand,key,0.023533799583125
hand,lamp,0.014774018497994318
hand,mushroom,0.013085845206761364
hand,phone,0.01197347683228409
hand,scissors,0.02873088058318182
hand,watch,0.013472267459545455
rabbit,bear,0.040034817828021804
rabbit,camel,0.021916970632299065
rabbit,cow,0.017595391406099687
rabbit,elephant,0.024047859136230528
rabbit,horse,0.017369591927906543
rabbit,octopus,0.02596396882919003
rabbit,person,0.02215687484013084
rabbit,sheep,0.022772249710031153
rabbit,tiger,0.021776222495597197
rabbit,whale,0.020731321036510902
rabbit,bee,0.03422508486307477
rabbit,bird,0.019689470381856696
rabbit,cat,0.028775430990196263
rabbit,dog,0.020516284839682243
rabbit,face,0.024390865808193146
rabbit,fish,0.01701639958194704
rabbit,frog,0.02874925875553894
rabbit,hand,0.03050610671542056
rabbit,rabbit,0.04801522160979439
rabbit,snail,0.02105838328623053
rabbit,spider,0.02410141800694704
rabbit,airplane,0.02196482735405919
rabbit,bed,0.012127349657943926
rabbit,bike,0.026897877342299065
rabbit,boat,0.019424914934704048
rabbit,cactus,0.02777349082443925
rabbit,car,0.02144713993199377
rabbit,chair,0.012801370371806854
rabbit,couch,0.011656344778629283
rabbit,house,0.014390370352274143
rabbit,piano,0.008890298419968847
rabbit,train,0.014539122515856697
rabbit,tree,0.022463739088535824
rabbit,TV,0.011296422968442367
rabbit,apple,0.02446452763448598
rabbit,book,0.00954578144152648
rabbit,bottle,0.017158239931028038
rabbit,bowl,0.012712379475451714
rabbit,clock,0.01912453652457944
rabbit,cup,0.011564719896884736
rabbit,hat,0.013830338278775701
rabbit,ice.cream,0.01842813192996885
rabbit,key,0.02215553844376947
rabbit,lamp,0.015827854416323988
rabbit,mushroom,0.012800429750841122
rabbit,phone,0.01208632682788162
rabbit,scissors,0.03273960860328972
rabbit,watch,0.02047912496741433
snail,bear,0.022494099266302234
snail,camel,0.021542999056808034
snail,cow,0.01636024857495536
snail,elephant,0.023490429245254463
snail,horse,0.016308220879776784
snail,octopus,0.025288967732145534
snail,person,0.013976932589262053
snail,sheep,0.019938940182321428
snail,tiger,0.018645927481142858
snail,whale,0.03550916238808929
snail,bee,0.029271778137464285
snail,bird,0.018319909133269197
snail,cat,0.019732427009808037
snail,dog,0.019247879953080357
snail,face,0.031000257568004466
snail,fish,0.03127880914370536
snail,frog,0.026925449927627233
snail,hand,0.019311784532825893
snail,rabbit,0.023773235350075892
snail,snail,0.042240067254107144
snail,spider,0.016065665540296876
snail,airplane,0.015782305622366072
snail,bed,0.012804401645848215
snail,bike,0.027636167269383928
snail,boat,0.0185500649021875
snail,cactus,0.014342401070828124
snail,car,0.028659774606830356
snail,chair,0.00830748214875
snail,couch,0.013530644134285714
snail,house,0.009275755549776785
snail,piano,0.013123910883482142
snail,train,0.01823287194933036
snail,tree,0.01616155690232857
snail,TV,0.011465192269107144
snail,apple,0.024809015285575893
snail,book,0.01268774694055357
snail,bottle,0.01322473934328125
snail,bowl,0.026711789180089287
snail,clock,0.017836059633014732
snail,cup,0.017732734277892858
snail,hat,0.02849428433517857
snail,ice.cream,0.017356034119058037
snail,key,0.034908074324776786
snail,lamp,0.010377331278299108
snail,mushroom,0.01901675288325893
snail,phone,0.010387729681463839
snail,scissors,0.03204151140360714
snail,watch,0.0358204781371875
spider,bear,0.024607350485612647
spider,camel,0.02457979423118577
spider,cow,0.02513957698687747
spider,elephant,0.03245973207332016
spider,horse,0.027101718331660078
spider,octopus,0.07135135006023716
spider,person,0.02917210009438735
spider,sheep,0.02965475591798419
spider,tiger,0.03272592577944664
spider,whale,0.019568507896561265
spider,bee,0.032078734086482215
spider,bird,0.02093886427980237
spider,cat,0.028268354987509882
spider,dog,0.020897655503517788
spider,face,0.023074004011857708
spider,fish,0.01804872041419763
spider,frog,0.027951216778458497
spider,hand,0.024846421934743082
spider,rabbit,0.018933008318102768
spider,snail,0.018871381805810276
spider,spider,0.061234276177588934
spider,airplane,0.01914853639513834
spider,bed,0.00947083116604743
spider,bike,0.02076216657770751
spider,boat,0.013066935914545455
spider,cactus,0.035238639585889325
spider,car,0.01167216769049407
spider,chair,0.016542261691027668
spider,couch,0.00894659915652174
spider,house,0.010209946038142292
spider,piano,0.015732167386719367
spider,train,0.012297839542411067
spider,tree,0.02137328441056917
spider,TV,0.007690642977391304
spider,apple,0.014642370813438735
spider,book,0.009905385307075099
spider,bottle,0.007487167230063241
spider,bowl,0.010291608274624506
spider,clock,0.016360527252964427
spider,cup,0.008380482331501977
spider,hat,0.009877459081818182
spider,ice.cream,0.013124048997588933
spider,key,0.015711278824071147
spider,lamp,0.010667548844960474
spider,mushroom,0.01171420167516996
spider,phone,0.008228882536284584
spider,scissors,0.02733242724533597
spider,watch,0.022621142405928853
airplane,bear,0.01959894253169279
airplane,camel,0.01789181011769279
airplane,cow,0.017728458632695926
airplane,elephant,0.022358816072852665
airplane,horse,0.022231537807868337
airplane,octopus,0.018337646263021944
airplane,person,0.01656114329830721
airplane,sheep,0.013100736266206897
airplane,tiger,0.022315837843824453
airplane,whale,0.03373772335657367
airplane,bee,0.02754108703664577
airplane,bird,0.020432491489968653
airplane,cat,0.01828047523523511
airplane,dog,0.016533860923009406
airplane,face,0.015150877392727273
airplane,fish,0.031289761644827586
airplane,frog,0.014273020440783699
airplane,hand,0.020692502210532916
airplane,rabbit,0.026246206927742946
airplane,snail,0.017287292414545456
airplane,spider,0.021766199477304075
airplane,airplane,0.049430698169592474
airplane,bed,0.01898359418382445
airplane,bike,0.02874783686893417
airplane,boat,0.03876064313429467
airplane,cactus,0.02530804835231975
airplane,car,0.025968881885924763
airplane,chair,0.021731759076739812
airplane,couch,0.019182194299498433
airplane,house,0.01989896166291536
airplane,piano,0.0151094380730721
airplane,train,0.02020038907661442
airplane,tree,0.01744052079261442
airplane,TV,0.014459268381128527
airplane,apple,0.019451084377178685
airplane,book,0.011693282116708463
airplane,bottle,0.013529737495172414
airplane,bowl,0.026162356635423198
airplane,clock,0.014908441990752351
airplane,cup,0.018667747080188087
airplane,hat,0.023613891624231977
airplane,ice.cream,0.019679402147084638
airplane,key,0.015738744251473355
airplane,lamp,0.016715905743918496
airplane,mushroom,0.013115272422548589
airplane,phone,0.009959892411003134
airplane,scissors,0.026677325535329154
airplane,watch,0.021508254151097177
bed,bear,0.0064164345368247725
bed,camel,0.014068676568943832
bed,cow,0.011603057858201623
bed,elephant,0.010870113523275
bed,horse,0.018033615964738636
bed,octopus,0.007872332715762338
bed,person,0.01386719958588698
bed,sheep,0.009258165196517208
bed,tiger,0.01207237630878263
bed,whale,0.017085877306121624
bed,bee,0.008363105119468507
bed,bird,0.007246576413247824
bed,cat,0.006427600039265325
bed,dog,0.0072631319421825975
bed,face,0.006229259074300325
bed,fish,0.01592136960233474
bed,frog,0.005892646868983539
bed,hand,0.012935211010308117
bed,rabbit,0.005329150393120682
bed,snail,0.008237896152938311
bed,spider,0.011394416418678345
bed,airplane,0.016548652202285064
bed,bed,0.06904322193896104
bed,bike,0.01271188986122078
bed,boat,0.019836323740493506
bed,cactus,0.015060586807245714
bed,car,0.01669764950225
bed,chair,0.05109130250746753
bed,couch,0.05838593040681818
bed,house,0.028659611923185065
bed,piano,0.060061649649025974
bed,train,0.02965454705659091
bed,tree,0.019142081007656818
bed,TV,0.06509287858149351
bed,apple,0.009140592578881819
bed,book,0.07588296524448052
bed,bottle,0.03344885529757792
bed,bowl,0.018961937975454545
bed,clock,0.005797971864856818
bed,cup,0.02712579325685065
bed,hat,0.03383456960587662
bed,ice.cream,0.01634191108173604
bed,key,0.011472671570051949
bed,lamp,0.02144019246162987
bed,mushroom,0.016783584942846104
bed,phone,0.03338311637217532
bed,scissors,0.010831813182823377
bed,watch,0.007179482721481818
bike,bear,0.02711219529777193
bike,camel,0.021283190074269005
bike,cow,0.0165667759881462
bike,elephant,0.024987209466923975
bike,horse,0.017423525843888888
bike,octopus,0.018822274909748537
bike,person,0.016333669064502922
bike,sheep,0.019187115125415204
bike,tiger,0.024436219469941522
bike,whale,0.023549931538070175
bike,bee,0.043553046708011696
bike,bird,0.017457395379473686
bike,cat,0.021279743833391814
bike,dog,0.0204560187725731
bike,face,0.013824198737748539
bike,fish,0.02004629520847953
bike,frog,0.021712775170549706
bike,hand,0.016550530818245614
bike,rabbit,0.0293995431875731
bike,snail,0.026208158614210525
bike,spider,0.017811178427368422
bike,airplane,0.024824941690467835
bike,bed,0.013178370744269006
bike,bike,0.062344831566842104
bike,boat,0.017845737501695907
bike,cactus,0.019385484329590644
bike,car,0.046711292230994156
bike,chair,0.015132300854269006
bike,couch,0.015057950069356726
bike,house,0.014223985607777778
bike,piano,0.014867021924385965
bike,train,0.03990554336877193
bike,tree,0.01689860937152047
bike,TV,0.00777082922877193
bike,apple,0.027362316411871344
bike,book,0.006300548294444444
bike,bottle,0.013046170745701755
bike,bowl,0.01455818773140351
bike,clock,0.015361280396959064
bike,cup,0.01271700387380117
bike,hat,0.01620030239865497
bike,ice.cream,0.017235693427953218
bike,key,0.023108587923450292
bike,lamp,0.015110320558011696
bike,mushroom,0.009529588049649124
bike,phone,0.009442800112181286
bike,scissors,0.02659800212362573
bike,watch,0.027281312571812866
boat,bear,0.011487161757180587
boat,camel,0.011423935518130037
boat,cow,0.010053219878043224
boat,elephant,0.016303525695064103
boat,horse,0.013127970385791209
boat,octopus,0.018015297321568133
boat,person,0.013567331717421246
boat,sheep,0.008553088849254945
boat,tiger,0.013589061418982418
boat,whale,0.03378352541234909
boat,bee,0.015520178603660806
boat,bird,0.012854561138665567
boat,cat,0.013356329777312088
boat,dog,0.01046077621635055
boat,face,0.019788252241519047
boat,fish,0.029244408465525642
boat,frog,0.011315591584073992
boat,hand,0.018751051148531137
boat,rabbit,0.01495580490054835
boat,snail,0.017553628008237728
boat,spider,0.015505187653255311
boat,airplane,0.03204368093835165
boat,bed,0.027993673853003664
boat,bike,0.02097025321224542
boat,boat,0.05392305086373626
boat,cactus,0.015739238180673992
boat,car,0.023309889243956043
boat,chair,0.024205326252783883
boat,couch,0.02751936444128205
boat,house,0.027013239482673992
boat,piano,0.014492809352014652
boat,train,0.02114425875901099
boat,tree,0.014753676650347986
boat,TV,0.02534722372091575
boat,apple,0.01945181504105861
boat,book,0.014916585142051282
boat,bottle,0.02513876645007326
boat,bowl,0.07638493504660805
boat,clock,0.018179365795271064
boat,cup,0.024583701952893774
boat,hat,0.040584652956849813
boat,ice.cream,0.01630817694278022
boat,key,0.012592173411197801
boat,lamp,0.025479571061904762
boat,mushroom,0.012327010318388279
boat,phone,0.014936374259047619
boat,scissors,0.02255580488132161
boat,watch,0.018895493525804028
cactus,bear,0.020584344362123287
cactus,camel,0.034044683470773975
cactus,cow,0.015145477777568493
cactus,elephant,0.01813771867931507
cactus,horse,0.01903956893890411
cactus,octopus,0.023342772015856165
cactus,person,0.03392688351835616
cactus,sheep,0.0171277109425
cactus,tiger,0.023538788666335617
cactus,whale,0.015351710169246576
cactus,bee,0.027687730698202056
cactus,bird,0.016645995029828768
cactus,cat,0.018641648814195205
cactus,dog,0.014936806474075342
cactus,face,0.017038862245410957
cactus,fish,0.011295005346924658
cactus,frog,0.01680984865407534
cactus,hand,0.06468459729893836
cactus,rabbit,0.019746435838681506
cactus,snail,0.012427024683869864
cactus,spider,0.03614087893325343
cactus,airplane,0.02404974254561644
cactus,bed,0.015380294559006849
cactus,bike,0.016128584892945205
cactus,boat,0.01716337582520548
cactus,cactus,0.06185768169784246
cactus,car,0.007984071864726027
cactus,chair,0.022211861432773972
cactus,couch,0.009159220457157535
cactus,house,0.011873629568938357
cactus,piano,0.01300098376229452
cactus,train,0.011938189114349315
cactus,tree,0.04701090379047945
cactus,TV,0.012383437391609589
cactus,apple,0.01628298170760274
cactus,book,0.014018163902157535
cactus,bottle,0.02865164970729452
cactus,bowl,0.010568752398458904
cactus,clock,0.019351376049554794
cactus,cup,0.011475241292328768
cactus,hat,0.012768816617609589
cactus,ice.cream,0.02090495600229452
cactus,key,0.019924813860136985
cactus,lamp,0.025287372251695205
cactus,mushroom,0.020916645054643836
cactus,phone,0.014496301931061644
cactus,scissors,0.02744386537354452
cactus,watch,0.011472598150702056
car,bear,0.019220755508060836
car,camel,0.015168186916372624
car,cow,0.016230067000904944
car,elephant,0.020399365386486693
car,horse,0.017250323621114068
car,octopus,0.015136972806662357
car,person,0.013097153104080989
car,sheep,0.01648516377844867
car,tiger,0.020752526707475284
car,whale,0.02640494867276806
car,bee,0.019499065456307984
car,bird,0.013770434535977186
car,cat,0.015164045150547529
car,dog,0.0176343368053346
car,face,0.018478165097752852
car,fish,0.023095739879828898
car,frog,0.01993105368276616
car,hand,0.013026475511330798
car,rabbit,0.020887097254007603
car,snail,0.022759721694752853
car,spider,0.013941700740946769
car,airplane,0.02114286249121673
car,bed,0.017184945066045627
car,bike,0.05183722769665399
car,boat,0.02353713906920152
car,cactus,0.01483056428155133
car,car,0.0589644086796578
car,chair,0.017228600468593157
car,couch,0.028859642694676807
car,house,0.019274859671558935
car,piano,0.016974580614562737
car,train,0.05972833796730038
car,tree,0.010748089608827376
car,TV,0.02441774134163498
car,apple,0.01846633533444867
car,book,0.013600824764220532
car,bottle,0.013722970570874524
car,bowl,0.029063903725513308
car,clock,0.017558953207072243
car,cup,0.01945190355486692
car,hat,0.02683832627079848
car,ice.cream,0.011771196128741446
car,key,0.019616691089771862
car,lamp,0.012572601355323194
car,mushroom,0.0132970880454327
car,phone,0.017350840883840306
car,scissors,0.021645550592057035
car,watch,0.021980512104106464
chair,bear,0.007058364624597826
chair,camel,0.01278454721425
chair,cow,0.0093686052282173915
chair,elephant,0.010582358969184783
chair,horse,0.016311180046586958
chair,octopus,0.011845628511521739
chair,person,0.022708668372782608
chair,sheep,0.007158661385793478
chair,tiger,0.009287990982103261
chair,whale,0.009349507276565217
chair,bee,0.010762031424097826
chair,bird,0.009809943236717392
chair,cat,0.007730276127603261
chair,dog,0.008122457346255435
chair,face,0.007979313265298913
chair,fish,0.010963030322489131
chair,frog,0.006899427329445652
chair,hand,0.015494617492119564
chair,rabbit,0.0089674085425
chair,snail,0.005866216245032608
chair,spider,0.012927446129451087
chair,airplane,0.01610490142673913
chair,bed,0.04859533525054348
chair,bike,0.015382985864918477
chair,boat,0.021077991712663044
chair,cactus,0.026307882128945654
chair,car,0.01362345987777174
chair,chair,0.06682896168445653
chair,couch,0.040354660978967394
chair,house,0.03880487095326087
chair,piano,0.058791663310054344
chair,train,0.01673366202173913
chair,tree,0.025854208792152174
chair,TV,0.04520348412255435
chair,apple,0.016667242820684783
chair,book,0.03146970442108696
chair,bottle,0.041578254222065215
chair,bowl,0.02105802996152174
chair,clock,0.010708870983788045
chair,cup,0.027482502501086956
chair,hat,0.032274511531684785
chair,ice.cream,0.02731025824388587
chair,key,0.018655859906347827
chair,lamp,0.03664064841043478
chair,mushroom,0.025083244177391304
chair,phone,0.027634086858304346
chair,scissors,0.01943485215835326
chair,watch,0.008360187010679348
couch,bear,0.0067786503739305495
couch,camel,0.013631035021028323
couch,cow,0.011683113127271676
couch,elephant,0.015455450973571157
couch,horse,0.014694349243017052
couch,octopus,0.0112524068011974
couch,person,0.008039963367870174
couch,sheep,0.009177728187550983
couch,tiger,0.01350543670353208
couch,whale,0.016886370555264683
couch,bee,0.010409586400849422
couch,bird,0.007250020272317803
couch,cat,0.0066987986418580924
couch,dog,0.0077144262399713006
couch,face,0.008893105792103178
couch,fish,0.018583839442110405
couch,frog,0.006363279582437977
couch,hand,0.016127262495310695
couch,rabbit,0.007754955132306936
couch,snail,0.013931226716251445
couch,spider,0.012059914665615694
couch,airplane,0.015550730571984105
couch,bed,0.0717151299684971
couch,bike,0.012672223216817342
couch,boat,0.024161151404257227
couch,cactus,0.012304165742059999
couch,car,0.03310812778676878
couch,chair,0.04322379803736994
couch,couch,0.07340669225028902
couch,house,0.024516887526893065
couch,piano,0.06267403055991329
couch,train,0.033082936910895956
couch,tree,0.011504025508434393
couch,TV,0.06002629419205202
couch,apple,0.014233511634748555
couch,book,0.05264662858692196
couch,bottle,0.018760506028745665
couch,bowl,0.023984653325245665
couch,clock,0.00837164604005925
couch,cup,0.025176621211358382
couch,hat,0.043306450701387285
couch,ice.cream,0.01373563634641763
couch,key,0.01072094221029133
couch,lamp,0.012256085509477746
couch,mushroom,0.016155010305609827
couch,phone,0.02326568460519682
couch,scissors,0.01346056548360445
couch,watch,0.0090889462453237
house,bear,0.011323747106516588
house,camel,0.01123122209249289
house,cow,0.009439157065450237
house,elephant,0.013131771680872038
house,horse,0.011359559728345972
house,octopus,0.01250355181185782
house,person,0.01570889435692891
house,sheep,0.008521652776123222
house,tiger,0.010384805537236967
house,whale,0.017230447236521326
house,bee,0.013325925478945023
house,bird,0.010152878208592417
house,cat,0.0095441439595782
house,dog,0.0077662438104360194
house,face,0.014040305240758293
house,fish,0.017054627928180095
house,frog,0.009158823817630331
house,hand,0.014970289799535545
house,rabbit,0.014644444141303318
house,snail,0.010285898551303317
house,spider,0.011842530416763032
house,airplane,0.02119619773879147
house,bed,0.03525000434218009
house,bike,0.011252214144881516
house,boat,0.028830328622654028
house,cactus,0.018297055548838863
house,car,0.015253720231232228
house,chair,0.036304167496919434
house,couch,0.03673985670113744
house,house,0.05420949301246446
house,piano,0.04378198781279621
house,train,0.01931461087094787
house,tree,0.021954883458033175
house,TV,0.04400312643184834
house,apple,0.021412730659336493
house,book,0.039825172190710904
house,bottle,0.04232440096137441
house,bowl,0.025517059931739337
house,clock,0.013873344804170617
house,cup,0.02246738212758294
house,hat,0.03145000723445498
house,ice.cream,0.025278623530838863
house,key,0.013243697951009478
house,lamp,0.035819775950900475
house,mushroom,0.022201604856312795
house,phone,0.0365910392936019
house,scissors,0.018141177993815167
house,watch,0.011845423870407584
piano,bear,0.005936525393512217
piano,camel,0.015056801198576471
piano,cow,0.011505625699570136
piano,elephant,0.01039421968516742
piano,horse,0.016727294817523983
piano,octopus,0.013687366184000904
piano,person,0.01185028674606923
piano,sheep,0.009507892453339366
piano,tiger,0.01590060306807059
piano,whale,0.01076218948996923
piano,bee,0.01157890184939819
piano,bird,0.006735273134843891
piano,cat,0.008326329917495476
piano,dog,0.008418232921282805
piano,face,0.009145955509470588
piano,fish,0.01415433719717
piano,frog,0.006838532663971946
piano,hand,0.026742820822552037
piano,rabbit,0.008346360887343892
piano,snail,0.008214645289493212
piano,spider,0.013437794790890498
piano,airplane,0.017035637636536198
piano,bed,0.06754095082814479
piano,bike,0.009884876101307692
piano,boat,0.019473209242624436
piano,cactus,0.024695182509469865
piano,car,0.018750573464330317
piano,chair,0.057757407616199095
piano,couch,0.055102300644208145
piano,house,0.054244290869819
piano,piano,0.07689076457660633
piano,train,0.02931568030447964
piano,tree,0.017330555495140725
piano,TV,0.04938394370180996
piano,apple,0.006779771351031675
piano,book,0.052956591584208144
piano,bottle,0.01661365840014932
piano,bowl,0.01563512940584163
piano,clock,0.013083175514253394
piano,cup,0.015669869596968325
piano,hat,0.027234156543076923
piano,ice.cream,0.016619239370402716
piano,key,0.01337389534130543
piano,lamp,0.019482245550651582
piano,mushroom,0.018734913710548733
piano,phone,0.0215118268879095
piano,scissors,0.013396249093779638
piano,watch,0.008235912910153846
train,bear,0.016779663458290104
train,camel,0.017073056776791808
train,cow,0.01793274798139932
train,elephant,0.019934248105754265
train,horse,0.0175374751474744
train,octopus,0.013513476139716724
train,person,0.013852111441331059
train,sheep,0.01735676367238908
train,tiger,0.026414304563228668
train,whale,0.022539454709051193
train,bee,0.021035802789095562
train,bird,0.012760374254761092
train,cat,0.017999268998020478
train,dog,0.015960840077986347
train,face,0.011240106718327645
train,fish,0.017649748751491466
train,frog,0.015275301507860068
train,hand,0.020109818497662114
train,rabbit,0.017757386368890786
train,snail,0.018415883822286688
train,spider,0.014881026503017064
train,airplane,0.018854968878948806
train,bed,0.02986679178116041
train,bike,0.0610936375178157
train,boat,0.020572384520204778
train,cactus,0.01810213101945051
train,car,0.05648445309249147
train,chair,0.019893922851501707
train,couch,0.02836835575324232
train,house,0.020157010239010238
train,piano,0.028511379494607508
train,train,0.06225237847430034
train,tree,0.015908536280600682
train,TV,0.02165759328225256
train,apple,0.013516315933754266
train,book,0.01928586501979522
train,bottle,0.018589643481604096
train,bowl,0.01689808976242321
train,clock,0.01007474835
train,cup,0.01465189694232082
train,hat,0.022014024459419794
train,ice.cream,0.013075950271979522
train,key,0.019401344957109216
train,lamp,0.013169078999419796
train,mushroom,0.009978664868686007
train,phone,0.019172264239453923
train,scissors,0.024632963843003414
train,watch,0.01779674908085324
tree,bear,0.019903906971522632
tree,camel,0.02460598824296296
tree,cow,0.015754489956201646
tree,elephant,0.02209396532846502
tree,horse,0.02010310278328395
tree,octopus,0.02717402941691358
tree,person,0.0398148784963786
tree,sheep,0.017923758754156378
tree,tiger,0.016308347120288065
tree,whale,0.014947900338673251
tree,bee,0.01446856928111111
tree,bird,0.016917420123341565
tree,cat,0.011891623600246913
tree,dog,0.01227979268697531
tree,face,0.014510774740576132
tree,fish,0.011714132347472017
tree,frog,0.015090885664995885
tree,hand,0.028884240196460905
tree,rabbit,0.01337495555600823
tree,snail,0.008249941062427983
tree,spider,0.023507047197263375
tree,airplane,0.022146530274794237
tree,bed,0.015777314781563787
tree,bike,0.01043867975298354
tree,boat,0.02379708281451029
tree,cactus,0.04152533942084773
tree,car,0.008096232170279835
tree,chair,0.02735599130893004
tree,couch,0.00925353227963786
tree,house,0.02813149665469136
tree,piano,0.015166830555679012
tree,train,0.008977047696812757
tree,tree,0.06375496988078189
tree,TV,0.017023042991111112
tree,apple,0.011498227066399178
tree,book,0.01661906841851852
tree,bottle,0.03756876161254321
tree,bowl,0.013978079105349794
tree,clock,0.013528223644567901
tree,cup,0.013337006428312757
tree,hat,0.01001849438836214
tree,ice.cream,0.03374511717341564
tree,key,0.021370983566584362
tree,lamp,0.05272117442263374
tree,mushroom,0.043913336282098765
tree,phone,0.02098712871691358
tree,scissors,0.021137219783868313
tree,watch,0.008613341316584363
TV,bear,0.006235488673098381
TV,camel,0.006436542172844939
TV,cow,0.007507269406564777
TV,elephant,0.008280556801892713
TV,horse,0.009333483980795141
TV,octopus,0.007966393288622389
TV,person,0.015531580740807693
TV,sheep,0.006105369133775709
TV,tiger,0.007928702680704858
TV,whale,0.014022940665693684
TV,bee,0.007086329734893927
TV,bird,0.006682689262057085
TV,cat,0.006954657276163158
TV,dog,0.004621130105707288
TV,face,0.01159271890955749
TV,fish,0.013060979076946963
TV,frog,0.006170909503797976
TV,hand,0.012380251554995952
TV,rabbit,0.005793718235898097
TV,snail,0.009918953776676113
TV,spider,0.010180584620722672
TV,airplane,0.013597794070619434
TV,bed,0.055308116799757084
TV,bike,0.006994870406052632
TV,boat,0.022041092148072875
TV,cactus,0.015233422288274899
TV,car,0.012379264919165993
TV,chair,0.04168665590119433
TV,couch,0.05318929181174089
TV,house,0.0358134756192915
TV,piano,0.03056356028987854
TV,train,0.01871582078688259
TV,tree,0.019722501146016196
TV,TV,0.0867809129825911
TV,apple,0.010845065049433198
TV,book,0.07794585319101215
TV,bottle,0.033338601269068825
TV,bowl,0.0376646136668421
TV,clock,0.013796860499603238
TV,cup,0.03146607628785425
TV,hat,0.03460342982145749
TV,ice.cream,0.01564953465108097
TV,key,0.009938578399352227
TV,lamp,0.04446737131564777
TV,mushroom,0.02633675636374899
TV,phone,0.0503040857322085
TV,scissors,0.01107374033125506
TV,watch,0.0067514026963967615
apple,bear,0.015663227532611464
apple,camel,0.01407016439490446
apple,cow,0.008307453604649682
apple,elephant,0.016860137175859873
apple,horse,0.009985487853949045
apple,octopus,0.014772459185095541
apple,person,0.009701736717834395
apple,sheep,0.009984428416305733
apple,tiger,0.009368716214802548
apple,whale,0.03005908978343949
apple,bee,0.02815898884834395
apple,bird,0.015579592907261146
apple,cat,0.01315164188732484
apple,dog,0.010702088832038216
apple,face,0.021709643437070065
apple,fish,0.021318760791974523
apple,frog,0.015033060697707006
apple,hand,0.036494065786305735
apple,rabbit,0.023245659103630575
apple,snail,0.024196294220955414
apple,spider,0.013399136593949045
apple,airplane,0.02111759406566879
apple,bed,0.00950234159401274
apple,bike,0.02398261771757962
apple,boat,0.02405566285286624
apple,cactus,0.02392677179121019
apple,car,0.016502604200191083
apple,chair,0.014225815946687898
apple,couch,0.011204202629745223
apple,house,0.010799265460191082
apple,piano,0.007323394826242038
apple,train,0.008494757054203822
apple,tree,0.016142110109617833
apple,TV,0.01197784881821656
apple,apple,0.06808762411847134
apple,book,0.012971275376496815
apple,bottle,0.04891684413878981
apple,bowl,0.04183015144694267
apple,clock,0.03251428511656051
apple,cup,0.029199308099617835
apple,hat,0.032355344243566876
apple,ice.cream,0.031088890043184714
apple,key,0.03754124582955414
apple,lamp,0.017954379623184715
apple,mushroom,0.018160598648598727
apple,phone,0.014038206993566879
apple,scissors,0.02915239131165605
apple,watch,0.025172635829299364
book,bear,0.004316502342286343
book,camel,0.008843210026907489
book,cow,0.007428817608662996
book,elephant,0.008403906877543612
book,horse,0.009471682886876652
book,octopus,0.005623594072413216
book,person,0.008022425563181938
book,sheep,0.00636166210685022
book,tiger,0.010643975562047577
book,whale,0.008995832298589428
book,bee,0.01105241514474229
book,bird,0.005000530335846256
book,cat,0.005918658681496476
book,dog,0.004562730021669604
book,face,0.010234043159621146
book,fish,0.01316624574230837
book,frog,0.004627096709331718
book,hand,0.014135650893801763
book,rabbit,0.004522083359367401
book,snail,0.007256884578008811
book,spider,0.007043548868389868
book,airplane,0.009670507093967402
book,bed,0.05007357128105727
book,bike,0.0055042160606872245
book,boat,0.016157649454801762
book,cactus,0.009830155065436124
book,car,0.011343386377577092
book,chair,0.028743094633788546
book,couch,0.053451834152422904
book,house,0.03091116647825991
book,piano,0.046448902303964756
book,train,0.021346457054255506
book,tree,0.014733019684577093
book,TV,0.08608199953436123
book,apple,0.009982510636277532
book,book,0.10041580017004405
book,bottle,0.04587143251753304
book,bowl,0.02678851187524229
book,clock,0.011502340587872247
book,cup,0.05236505789779736
book,hat,0.037111351661497795
book,ice.cream,0.016592725008110133
book,key,0.011735895372838326
book,lamp,0.016300549836431717
book,mushroom,0.017755822096876653
book,phone,0.0838590705077533
book,scissors,0.012906435850405287
book,watch,0.006885042210444934
bottle,bear,0.00906335690517647
bottle,camel,0.008347616057673797
bottle,cow,0.004660502708609625
bottle,elephant,0.006614125131663102
bottle,horse,0.006703815449973262
bottle,octopus,0.008037415578470588
bottle,person,0.013748745903128343
bottle,sheep,0.00504474499442246
bottle,tiger,0.004268713331417112
bottle,whale,0.007613785727256684
bottle,bee,0.010491081839016043
bottle,bird,0.008104173590909092
bottle,cat,0.0061967277090962565
bottle,dog,0.005768034976411765
bottle,face,0.009988028268395722
bottle,fish,0.008104686784716578
bottle,frog,0.008313315759
bottle,hand,0.012497230086898396
bottle,rabbit,0.012696054388786097
bottle,snail,0.00860575662697861
bottle,spider,0.005363726480411765
bottle,airplane,0.010064081643663101
bottle,bed,0.025307725433529413
bottle,bike,0.013984359289700534
bottle,boat,0.01927495204775401
bottle,cactus,0.020836450510160427
bottle,car,0.008447074700106952
bottle,chair,0.038252844072887704
bottle,couch,0.01595580228
bottle,house,0.03454314096331551
bottle,piano,0.01589377483737968
bottle,train,0.01152242356604278
bottle,tree,0.02919558443727273
bottle,TV,0.03362179343294118
bottle,apple,0.07945107416604279
bottle,book,0.0553206793286631
bottle,bottle,0.08330329660481284
bottle,bowl,0.02464720805262032
bottle,clock,0.009480835787967915
bottle,cup,0.039738166887272726
bottle,hat,0.027009346317647058
bottle,ice.cream,0.035835656182994655
bottle,key,0.04121755563465241
bottle,lamp,0.03463682184085561
bottle,mushroom,0.0328638726171123
bottle,phone,0.052503959630320854
bottle,scissors,0.025621655030352943
bottle,watch,0.011238224384491978
bowl,bear,0.012041588991222566
bowl,camel,0.010513460880376106
bowl,cow,0.008715698288367256
bowl,elephant,0.01460889281599646
bowl,horse,0.010640680947374337
bowl,octopus,0.015368117356564601
bowl,person,0.00739424718290177
bowl,sheep,0.010219582153159292
bowl,tiger,0.010203137858075664
bowl,whale,0.028060468923539823
bowl,bee,0.017050307129599998
bowl,bird,0.011571324177798673
bowl,cat,0.009050154921383629
bowl,dog,0.010232877368654867
bowl,face,0.0351610094264823
bowl,fish,0.032439815962535395
bowl,frog,0.012691978260938054
bowl,hand,0.020610893045132743
bowl,rabbit,0.011912549705181416
bowl,snail,0.0354276828615354
bowl,spider,0.011031545701134071
bowl,airplane,0.018860899685384954
bowl,bed,0.020882059522300885
bowl,bike,0.012523596441995575
bowl,boat,0.04695137101699115
bowl,cactus,0.010723755421653275
bowl,car,0.02135401905915929
bowl,chair,0.012569413188539822
bowl,couch,0.02521444990681416
bowl,house,0.012999879083424778
bowl,piano,0.016655423444867257
bowl,train,0.008515489982566371
bowl,tree,0.009886196744015486
bowl,TV,0.02059337666061947
bowl,apple,0.03764380412278761
bowl,book,0.018886782271681415
bowl,bottle,0.023696261760663716
bowl,bowl,0.07509473428216815
bowl,clock,0.03447802942345133
bowl,cup,0.06447927265039823
bowl,hat,0.03620949710814159
bowl,ice.cream,0.020056602811451326
bowl,key,0.021328782982800883
bowl,lamp,0.012575292681681416
bowl,mushroom,0.01926730032829646
bowl,phone,0.017612277431327435
bowl,scissors,0.020025957938420352
bowl,watch,0.025969455281061947
clock,bear,0.02131888314632979
clock,camel,0.007885659855888297
clock,cow,0.011237829098776596
clock,elephant,0.014663124292234042
clock,horse,0.00892393310656915
clock,octopus,0.026014945974095746
clock,person,0.02103005090143617
clock,sheep,0.014558177586329787
clock,tiger,0.016643213613638297
clock,whale,0.029498714530851063
clock,bee,0.02853276659632979
clock,bird,0.014039541251595745
clock,cat,0.017520351550159574
clock,dog,0.012246569500372341
clock,face,0.10642733863085106
clock,fish,0.03909453657276596
clock,frog,0.02553179942925532
clock,hand,0.015962328648191488
clock,rabbit,0.019559149942234042
clock,snail,0.03135312043441489
clock,spider,0.01831216764106383
clock,airplane,0.014657473731595745
clock,bed,0.006382733923670213
clock,bike,0.011739468963138298
clock,boat,0.017497261093882978
clock,cactus,0.014025940169414894
clock,car,0.01617409031255319
clock,chair,0.0074403135832446805
clock,couch,0.00897819144425532
clock,house,0.012261631096276596
clock,piano,0.008162886825691489
clock,train,0.006213660882867021
clock,tree,0.014051806240053191
clock,TV,0.00973407555856383
clock,apple,0.03415398704414894
clock,book,0.011292272624468086
clock,bottle,0.013491660510638298
clock,bowl,0.03877650262234043
clock,clock,0.07005745554042553
clock,cup,0.01700490526074468
clock,hat,0.01678199419292553
clock,ice.cream,0.022197581767553192
clock,key,0.018650702415159575
clock,lamp,0.011836826868670212
clock,mushroom,0.03162117849558511
clock,phone,0.020165258157712765
clock,scissors,0.019688410157925534
clock,watch,0.02660752399680851
cup,bear,0.010230268478971653
cup,camel,0.008870661668795882
cup,cow,0.007885722099748235
cup,elephant,0.012281105220884516
cup,horse,0.010450813273802241
cup,octopus,0.012948029300125334
cup,person,0.010714121826993838
cup,sheep,0.00834775369524818
cup,tiger,0.009342428292783781
cup,whale,0.016290473933086608
cup,bee,0.01894375330809958
cup,bird,0.010733907335778375
cup,cat,0.009305700766001849
cup,dog,0.009395190563401372
cup,face,0.014236236514846219
cup,fish,0.023386003639331906
cup,frog,0.011391772375208655
cup,hand,0.01837273446879384
cup,rabbit,0.010630824871497059
cup,snail,0.019824643900017928
cup,spider,0.011703994122227135
cup,airplane,0.018677305739125714
cup,bed,0.028434512287114844
cup,bike,0.01386708411372717
cup,boat,0.02442700511165266
cup,cactus,0.016502520762135153
cup,car,0.017024572263232493
cup,chair,0.0272087236240056
cup,couch,0.030547480309915966
cup,house,0.016452481406470588
cup,piano,0.017806949206862745
cup,train,0.010941054744145659
cup,tree,0.016284741309406162
cup,TV,0.034790352090868344
cup,apple,0.030608331443366946
cup,book,0.052940905679495796
cup,bottle,0.046318255345294115
cup,bowl,0.06245771100938375
cup,clock,0.013944642524152829
cup,cup,0.05958854527198879
cup,hat,0.030888717553781513
cup,ice.cream,0.029627135627703083
cup,key,0.02458193228660056
cup,lamp,0.017685121250128853
cup,mushroom,0.02025946621327171
cup,phone,0.02858245849929972
cup,scissors,0.024097166823247983
cup,watch,0.02016868530999675
hat,bear,0.01012563741937996
hat,camel,0.00974642613811245
hat,cow,0.0076092917879979185
hat,elephant,0.012383085045331144
hat,horse,0.009167934777680246
hat,octopus,0.011100942348223388
hat,person,0.008828318761577877
hat,sheep,0.00878151009168098
hat,tiger,0.008053536162457265
hat,whale,0.030507959760275673
hat,bee,0.016572698805613878
hat,bird,0.011607970615852094
hat,cat,0.008442636890807225
hat,dog,0.009385515473665347
hat,face,0.016175588565662938
hat,fish,0.0250413998068
hat,frog,0.012012991791777715
hat,hand,0.010771128855160817
hat,rabbit,0.011379233637993183
hat,snail,0.023323030940048978
hat,spider,0.009792652837166694
hat,airplane,0.018654265999087757
hat,bed,0.03429571303783673
hat,bike,0.012028235131689796
hat,boat,0.0381793408902449
hat,cactus,0.010430752215608857
hat,car,0.02095531538746939
hat,chair,0.028218618763306124
hat,couch,0.040396570496938775
hat,house,0.025798028875616327
hat,piano,0.01727327723330612
hat,train,0.015696474559836734
hat,tree,0.01104112504572898
hat,TV,0.04376277790265306
hat,apple,0.042808692399301636
hat,book,0.03545138369555102
hat,bottle,0.033648913969510204
hat,bowl,0.04001609258102041
hat,clock,0.019534989210146122
hat,cup,0.02985381506444898
hat,hat,0.06798989217481632
hat,ice.cream,0.018108732764945713
hat,key,0.01893735911421061
hat,lamp,0.02181447590354286
hat,mushroom,0.022132695326918774
hat,phone,0.02514515069691837
hat,scissors,0.013795200069725918
hat,watch,0.023222625516685715
ice.cream,bear,0.018530218812537143
ice.cream,camel,0.01372290386331257
ice.cream,cow,0.01188648803869143
ice.cream,elephant,0.01622945503188
ice.cream,horse,0.0134470029452
ice.cream,octopus,0.017104287161714287
ice.cream,person,0.0308906533252
ice.cream,sheep,0.013458844602971429
ice.cream,tiger,0.012271285621737143
ice.cream,whale,0.0138413300958
ice.cream,bee,0.02159524445902857
ice.cream,bird,0.015412389291828572
ice.cream,cat,0.01194772448728
ice.cream,dog,0.011046481607897143
ice.cream,face,0.018372749255657142
ice.cream,fish,0.014493277235028572
ice.cream,frog,0.01477009763085143
ice.cream,hand,0.019056703433657143
ice.cream,rabbit,0.017842721175371428
ice.cream,snail,0.014046802293085714
ice.cream,spider,0.012238338564114286
ice.cream,airplane,0.014246562554685715
ice.cream,bed,0.013699652104342857
ice.cream,bike,0.011240272185365715
ice.cream,boat,0.018549403253942855
ice.cream,cactus,0.025812932369657142
ice.cream,car,0.008816849031771429
ice.cream,chair,0.022708334057142857
ice.cream,couch,0.011404199069771428
ice.cream,house,0.017526305477714287
ice.cream,piano,0.012723416962171429
ice.cream,train,0.007124266306285714
ice.cream,tree,0.04872041477257143
ice.cream,TV,0.015548544053028572
ice.cream,apple,0.02339948097857143
ice.cream,book,0.022246577653142856
ice.cream,bottle,0.055577072622085714
ice.cream,bowl,0.0256769440904
ice.cream,clock,0.01995011732417143
ice.cream,cup,0.023475209135942858
ice.cream,hat,0.021296911600685715
ice.cream,ice.cream,0.06339993000422857
ice.cream,key,0.03758878721324
ice.cream,lamp,0.029902908210285715
ice.cream,mushroom,0.04137585406371429
ice.cream,phone,0.0213822784384
ice.cream,scissors,0.0394959075124
ice.cream,watch,0.014905871138857142
key,bear,0.015441981279476703
key,camel,0.016125668298579213
key,cow,0.014640558743655914
key,elephant,0.013830275080806451
key,horse,0.016126035549060933
key,octopus,0.014488276634339785
key,person,0.026204796902519714
key,sheep,0.014778030955971326
key,tiger,0.014189001756258065
key,whale,0.022831870661591397
key,bee,0.020699968720252686
key,bird,0.016155769757567027
key,cat,0.013268599754352689
key,dog,0.015813246315885304
key,face,0.013281007769465591
key,fish,0.028446828862078853
key,frog,0.01821323222493799
key,hand,0.015626084644032256
key,rabbit,0.017988708560410394
key,snail,0.024362713776982077
key,spider,0.012645287240096524
key,airplane,0.017705744860286737
key,bed,0.014210440835519714
key,bike,0.02677797578125448
key,boat,0.01583619046734767
key,cactus,0.025261623713305377
key,car,0.020248742524426523
key,chair,0.01832682684530466
key,couch,0.013979450727383512
key,house,0.010769085904802867
key,piano,0.012773218416917562
key,train,0.02028116568060932
key,tree,0.030550668989989246
key,TV,0.012164500448100359
key,apple,0.027698714080240144
key,book,0.013231512534408602
key,bottle,0.0404764210765233
key,bowl,0.021702414265376342
key,clock,0.013332999809143369
key,cup,0.01964878249376344
key,hat,0.025035473813405016
key,ice.cream,0.027053101298709678
key,key,0.052618254730469896
key,lamp,0.03001974271469534
key,mushroom,0.03488888927329749
key,phone,0.017455380569853046
key,scissors,0.043456319059568815
key,watch,0.0293384117481362
lamp,bear,0.014512730278826531
lamp,camel,0.010993128139340136
lamp,cow,0.008760788169636054
lamp,elephant,0.010138620539047618
lamp,horse,0.010956490362081633
lamp,octopus,0.013698313395819728
lamp,person,0.031230745195204083
lamp,sheep,0.008032823225054421
lamp,tiger,0.006888525895380952
lamp,whale,0.0116018975709034
lamp,bee,0.010444821331693877
lamp,bird,0.012956306606693878
lamp,cat,0.0090014963854966
lamp,dog,0.008584018979687075
lamp,face,0.011292603243105442
lamp,fish,0.010211785128188775
lamp,frog,0.011468945206333334
lamp,hand,0.011925309305295919
lamp,rabbit,0.01708649730792857
lamp,snail,0.008670358117496599
lamp,spider,0.010531707359187075
lamp,airplane,0.016396070776418366
lamp,bed,0.01702460981537415
lamp,bike,0.0151237755117517
lamp,boat,0.022155624677278912
lamp,cactus,0.025594319940088435
lamp,car,0.009566540403132652
lamp,chair,0.03863465339806123
lamp,couch,0.014451400739979591
lamp,house,0.03668582699469388
lamp,piano,0.01686969732755102
lamp,train,0.009681672208588435
lamp,tree,0.05607793064251701
lamp,TV,0.04074221600755102
lamp,apple,0.020816158700578232
lamp,book,0.020862548641156463
lamp,bottle,0.05366413257710884
lamp,bowl,0.011957250390204082
lamp,clock,0.01207232702192857
lamp,cup,0.018730052701088434
lamp,hat,0.022133116580510204
lamp,ice.cream,0.033213087230034015
lamp,key,0.04334793807462585
lamp,lamp,0.07271070408571428
lamp,mushroom,0.06638429526017006
lamp,phone,0.02372684023115646
lamp,scissors,0.02090028027564626
lamp,watch,0.011489019341564625
mushroom,bear,0.018010156478331877
mushroom,camel,0.016566275614004804
mushroom,cow,0.013811200128849782
mushroom,elephant,0.014535557065855895
mushroom,horse,0.014831153479657206
mushroom,octopus,0.017185404902652402
mushroom,person,0.033631341269
mushroom,sheep,0.015458328036537117
mushroom,tiger,0.013029332579626638
mushroom,whale,0.014536865640365633
mushroom,bee,0.01619658958580524
mushroom,bird,0.01536945021032751
mushroom,cat,0.011684220665023145
mushroom,dog,0.01452912167021048
mushroom,face,0.023510850171912664
mushroom,fish,0.018992004303529257
mushroom,frog,0.018844753765289518
mushroom,hand,0.012517016238427948
mushroom,rabbit,0.013046945623421397
mushroom,snail,0.01719790780740393
mushroom,spider,0.012477831357575983
mushroom,airplane,0.015438043594257642
mushroom,bed,0.011482413777554585
mushroom,bike,0.009117920704768122
mushroom,boat,0.011723986294139737
mushroom,cactus,0.020134463323358078
mushroom,car,0.013808476616941049
mushroom,chair,0.022929551706943233
mushroom,couch,0.011655320401222708
mushroom,house,0.021107099916593885
mushroom,piano,0.012420839767903931
mushroom,train,0.00873411450928821
mushroom,tree,0.04506916868436681
mushroom,TV,0.014321077729912663
mushroom,apple,0.014968582298030568
mushroom,book,0.01423532775253275
mushroom,bottle,0.04278876154231441
mushroom,bowl,0.020770034593048034
mushroom,clock,0.02455674364719214
mushroom,cup,0.019166429539912665
mushroom,hat,0.026215500579650657
mushroom,ice.cream,0.053728728839475985
mushroom,key,0.03676853782103363
mushroom,lamp,0.06189379530436681
mushroom,mushroom,0.062144529436157205
mushroom,phone,0.01764133097209607
mushroom,scissors,0.02317585879484716
mushroom,watch,0.018041055048049783
phone,bear,0.010732898156646267
phone,camel,0.008802035864237896
phone,cow,0.009502425532614751
phone,elephant,0.009220913277299842
phone,horse,0.009304760416933356
phone,octopus,0.010563607791066737
phone,person,0.013070428155975729
phone,sheep,0.009257224855473605
phone,tiger,0.010427696411004163
phone,whale,0.016975479028694413
phone,bee,0.012873535096739384
phone,bird,0.010027659250656514
phone,cat,0.010643279799488734
phone,dog,0.008162713297618734
phone,face,0.029552457041896997
phone,fish,0.016492990970465835
phone,frog,0.01165497286146193
phone,hand,0.016993052484956996
phone,rabbit,0.012777805787718644
phone,snail,0.015853873286009356
phone,spider,0.009906884114396138
phone,airplane,0.013542434130586986
phone,bed,0.0233416606471588
phone,bike,0.01117805830310658
phone,boat,0.018817534669164894
phone,cactus,0.01673250183623146
phone,car,0.015118698224973305
phone,chair,0.03335622122195708
phone,couch,0.020941976720236052
phone,house,0.030822573736523605
phone,piano,0.020597041127896995
phone,train,0.017191052687973392
phone,tree,0.020246014242044634
phone,TV,0.053275843722875534
phone,apple,0.01828714223536462
phone,book,0.07819963205622317
phone,bottle,0.05280011638170558
phone,bowl,0.025184775053211587
phone,clock,0.02666424515340601
phone,cup,0.029493630564077254
phone,hat,0.024121434779944207
phone,ice.cream,0.02226094588765751
phone,key,0.022472518801120903
phone,lamp,0.023664306091395023
phone,mushroom,0.017183871230050215
phone,phone,0.062375597147939915
phone,scissors,0.026289938745439258
phone,watch,0.01304354619967146
scissors,bear,0.017950402051196992
scissors,camel,0.01963143057795564
scissors,cow,0.014478918188464286
scissors,elephant,0.019988917333280076
scissors,horse,0.01828593846090489
scissors,octopus,0.020887388566469683
scissors,person,0.02261636591791985
scissors,sheep,0.01665627519756767
scissors,tiger,0.016720364455552632
scissors,whale,0.021594476944333082
scissors,bee,0.030372821462481204
scissors,bird,0.020431533546493234
scissors,cat,0.016742779765043608
scissors,dog,0.016353729287002256
scissors,face,0.013342511279654135
scissors,fish,0.024535695444729323
scissors,frog,0.01900159971283015
scissors,hand,0.026363108362545865
scissors,rabbit,0.024499012527915413
scissors,snail,0.030370196016642856
scissors,spider,0.01962446510247519
scissors,airplane,0.02707647455031579
scissors,bed,0.014342694225601504
scissors,bike,0.027330523146842107
scissors,boat,0.01995102065413534
scissors,cactus,0.02602318097535188
scissors,car,0.01576918773930827
scissors,chair,0.020781221930300752
scissors,couch,0.013620321812857142
scissors,house,0.013628686422968422
scissors,piano,0.010498527733082706
scissors,train,0.01431463046
scissors,tree,0.02770284276812237
scissors,TV,0.009660961590676692
scissors,apple,0.01997313106788722
scissors,book,0.013100359661842104
scissors,bottle,0.020950675841165414
scissors,bowl,0.017759863798609023
scissors,clock,0.011409344319976316
scissors,cup,0.017755100676353382
scissors,hat,0.018371701027030077
scissors,ice.cream,0.04820252333669173
scissors,key,0.034462669396240604
scissors,lamp,0.017352601880637593
scissors,mushroom,0.018891410941902255
scissors,phone,0.012363617797757331
scissors,scissors,0.057357446778129324
scissors,watch,0.020901352462406014
watch,bear,0.016938407235604556
watch,camel,0.01102148322724852
watch,cow,0.012585024563487278
watch,elephant,0.016574030496928818
watch,horse,0.01432923957785503
watch,octopus,0.01758030377345296
watch,person,0.014554354627339646
watch,sheep,0.013980257313874853
watch,tiger,0.016630946965966273
watch,whale,0.026261374498802368
watch,bee,0.026233635460490238
watch,bird,0.015312214781124319
watch,cat,0.016975833345332248
watch,dog,0.01449171541703935
watch,face,0.04049578676801775
watch,fish,0.03353915827999408
watch,frog,0.018600187887434616
watch,hand,0.011885985765298817
watch,rabbit,0.02510809186414201
watch,snail,0.03833416857522189
watch,spider,0.020767432396628697
watch,airplane,0.021374304924304734
watch,bed,0.010600852281798816
watch,bike,0.02043307459701775
watch,boat,0.01959779016071006
watch,cactus,0.01581601940585917
watch,car,0.022872293337189348
watch,chair,0.015238452141931952
watch,couch,0.012668534720532544
watch,house,0.010671905095088757
watch,piano,0.009583536654446745
watch,train,0.016772695063515978
watch,tree,0.013537645631452662
watch,TV,0.011069712735059172
watch,apple,0.04558352020663757
watch,book,0.011495585286656805
watch,bottle,0.025768858638636094
watch,bowl,0.03084611160612426
watch,clock,0.0505042682482071
watch,cup,0.0201902864379142
watch,hat,0.023026325440727812
watch,ice.cream,0.017880908724335797
watch,key,0.03159141929266272
watch,lamp,0.01975761674266272
watch,mushroom,0.017065744991733727
watch,phone,0.017988447334343197
watch,scissors,0.026084735926823668
watch,watch,0.03977972681199704
